id,url
d3examples,
d3examples.version,
d3examples.version.protovis,
d3examples.version.protovis.streaming,
d3examples.version.protovis.streaming.Streamgraph,http://bl.ocks.org/mbostock/582915,
d3examples.version.v2,
d3examples.version.v2.example1,http://helloworld.com,
d3examples.version.v3,
d3examples.version.v3.streaming,
d3examples.version.v3.streaming.Streams,http://bl.ocks.org/mbostock/4254963,
d3examples.version.v3.streaming.Streamgraph,http://bl.ocks.org/mbostock/4060954,
d3examples.version.v4,
d3examples.version.v4.RadialClusterDendrogram,http://bl.ocks.org/mbostock/4339607,
d3examples.version.v4.streaming,
d3examples.version.v4.streaming.StreamingShapeFile,http://bl.ocks.org/mbostock/2dd741099154a4da55a7db31fd96a892
d3examples.version.v4.streaming.StreamsPNGOnly,http://bl.ocks.org/mbostock/4751960